{"stat.walkOneCm":26916,"stat.useItem.autogen.Railcraft:machine.alpha":3,"stat.killEntity.EntityHorse":1,"achievement.openInventory":77,"stat.useItem.autogen.appliedenergistics2:tile.BlockAdvancedCraftingStorage":9,"stat.useItem.autogen.appliedenergistics2:tile.BlockIOPort":2,"stat.useItem.autogen.Avaritia:Infinity_Sword":7,"stat.useItem.autogen.appliedenergistics2:tile.BlockSingularityCraftingStorage":4,"stat.useItem.autogen.OpenComputers:item":5,"stat.leaveGame":1,"stat.useItem.autogen.appliedenergistics2:tile.BlockCraftingMonitor":4,"stat.useItem.autogen.appliedenergistics2:tile.BlockController":6,"stat.useItem.autogen.ae2fc:fluid_discretizer":2,"stat.useItem.autogen.OpenComputers:cable":17,"stat.useItem.autogen.appliedenergistics2:item.ItemMultiPart":16,"stat.useItem.autogen.ae2stuff:Wireless":7,"stat.mobKills":7,"stat.useItem.autogen.OpenComputers:case3":4,"stat.useItem.autogen.ae2stuff:WirelessKit":6,"stat.useItem.autogen.ae2fc:part_fluid_interface":1,"stat.useItem.autogen.appliedenergistics2:tile.BlockCreativeEnergyCell":6,"stat.flyOneCm":254524,"stat.ae2.ItemsInserted":64,"stat.useItem.autogen.OpenComputers:screen3":6,"stat.jump":44,"stat.useItem.autogen.gregtech:gt.blockcasings10":2,"stat.playOneMinute":49314,"stat.useItem.autogen.appliedenergistics2:tile.BlockCellWorkbench":1,"stat.useItem.3":22,"stat.damageDealt":190,"stat.useItem.autogen.appliedenergistics2:tile.BlockInterface":1,"stat.useItem.autogen.ae2fc:fluid_interface":1,"stat.ae2.ItemsExtracted":11,"stat.useItem.autogen.OpenComputers:adapter":8,"stat.killEntity.Cow":4,"stat.useItem.autogen.gregtech:gt.blockmachines":29,"stat.killEntity.Pig":1,"stat.useItem.autogen.OpenComputers:transposer":2,"stat.useItem.autogen.OpenComputers:keyboard":1,"achievement.exploreAllBiomes":{"value":0,"progress":["Plains"]},"stat.useItem.35":1,"achievement.ae2.Networking1":1,"stat.useItem.autogen.appliedenergistics2:tile.BlockDrive":2}